<?xml version="1.0" encoding="UTF-8"?>
<root>
  <item name="com.librarygames.GameConstant.BullTypes">
    <annotation name="android.support.annotation.IntDef">
      <val name="value" val="{com.librarygames.GameConstant.BULL_TYPE_WXN, com.librarygames.GameConstant.BULL_TYPE_ZD, com.librarygames.GameConstant.BULL_TYPE_WHN, com.librarygames.GameConstant.BULL_TYPE_SHN, com.librarygames.GameConstant.BULL_TYPE_NN, com.librarygames.GameConstant.BULL_TYPE_N9, com.librarygames.GameConstant.BULL_TYPE_N8, com.librarygames.GameConstant.BULL_TYPE_N7, com.librarygames.GameConstant.BULL_TYPE_N6, com.librarygames.GameConstant.BULL_TYPE_N5, com.librarygames.GameConstant.BULL_TYPE_N4, com.librarygames.GameConstant.BULL_TYPE_N3, com.librarygames.GameConstant.BULL_TYPE_N2, com.librarygames.GameConstant.BULL_TYPE_N1, com.librarygames.GameConstant.BULL_TYPE_MN}" />
    </annotation>
  </item>
  <item name="com.librarygames.GameConstant.GameType">
    <annotation name="android.support.annotation.IntDef">
      <val name="value" val="{com.librarygames.GameConstant.POKER_GOLDFLOWER, com.librarygames.GameConstant.POKER_BULL}" />
    </annotation>
  </item>
  <item name="com.librarygames.GameConstant.GlodFlowerTypes">
    <annotation name="android.support.annotation.IntDef">
      <val name="value" val="{com.librarygames.GameConstant.GLODFLOWER_TYPE_BAOZI, com.librarygames.GameConstant.GLODFLOWER_TYPE_TONGHUASHUN, com.librarygames.GameConstant.GLODFLOWER_TYPE_TONGHUA, com.librarygames.GameConstant.GLODFLOWER_TYPE_SHUNZI, com.librarygames.GameConstant.GLODFLOWER_TYPE_DUIZI, com.librarygames.GameConstant.GLODFLOWER_TYPE_DANPAI}" />
    </annotation>
  </item>
  <item name="com.librarygames.GameConstant.GoldFlowerStatus">
    <annotation name="android.support.annotation.IntDef">
      <val name="value" val="{com.librarygames.GameConstant.START, com.librarygames.GameConstant.BETABLE, com.librarygames.GameConstant.END, com.librarygames.GameConstant.SETTLEMENT}" />
    </annotation>
  </item>
  <item name="com.librarygames.GameConstant.PokerNumber">
    <annotation name="android.support.annotation.IntDef">
      <val name="value" val="{com.librarygames.GameConstant.POKER_1, com.librarygames.GameConstant.POKER_2, com.librarygames.GameConstant.POKER_3, com.librarygames.GameConstant.POKER_4, com.librarygames.GameConstant.POKER_5, com.librarygames.GameConstant.POKER_6, com.librarygames.GameConstant.POKER_7, com.librarygames.GameConstant.POKER_8, com.librarygames.GameConstant.POKER_9, com.librarygames.GameConstant.POKER_10, com.librarygames.GameConstant.POKER_11, com.librarygames.GameConstant.POKER_12, com.librarygames.GameConstant.POKER_13}" />
    </annotation>
  </item>
  <item name="com.librarygames.GameConstant.PokerTypes">
    <annotation name="android.support.annotation.IntDef">
      <val name="value" val="{com.librarygames.GameConstant.TYPE_SPADE, com.librarygames.GameConstant.TYPE_HEART, com.librarygames.GameConstant.TYPE_CLUB, com.librarygames.GameConstant.TYPE_DIAMOND}" />
    </annotation>
  </item>
</root>

